Category,Sub-Category,Micro-Category,Name,URL,Phone,Message,Email,Location,Social,Description,Other
Government,Military,Software Factory,Bespin AF,https://teambespin.us/,,https://docs.google.com/forms/d/e/1FAIpQLSeXD1vaDKf3EW_T3mvmb_JOOh4iSPo-F1b0d0-pWKvW1usKLw/viewform,,,https://www.linkedin.com/company/bespin/,"BESPIN is an Air Force software factory delivering rapid solutions that take care of Airmen, so they can take care of the mission.",https://software.af.mil/softwarefactory/bespin/
Government,Military,Software Factory,Blue Sky AF,https://www.youtube.com/watch?v=LSw_b65znVM,,,af.cso@us.af.mil,"520 Martin Luther King Jr Blvd, Macon, GA 31201",,https://www.13wmaz.com/article/news/national/military-news/robins-air-force-base-opens-new-software-lab-in-downtown-macon/93-37d0427f-60fa-4a68-96a7-485ff7c12fbd,
Government,Military,Software Factory,Conjure AF,https://software.af.mil/softwarefactory/conjure/,"618-256-3711 \ 
618-256-2599",,375CSPTS.SCWD.SoftwareDevelopment@us.af.mil,"1060 Air Force Pentagon Washington, DC  20330-1060",https://www.linkedin.com/company/conjure-usaf/about/,"Air Mobility Command’s premier agile software factory, delivering user-centered software supporting Mobility Air Force warfighters to provide rapid global mobility to the Department of Defense.",
Government,Military,Software Factory,Corsair Ranch AF,https://corsairranch.dso.mil/,,https://corsairranch.dso.mil/contact,af.cso@us.af.mil,"33 S 5th Ave, Tucson, AZ 85701",https://software.af.mil/softwarefactory/corsair/,"Corsair Ranch, the ANG AFRC Test Center Software Division (AATC/DXW), exists to deliver Air Reserve Component (ARC) Capability Faster in line with the AATC mission. Corsair Ranch works across multiple weapon systems and directly with flight test stakeholders to engage users, continuously and incrementally deliver software capability, and field capability in support of combat, domestic, and acquisition outcomes. Corsair Ranch leverages Citizen Airman talent, Platform One, and relationships with like-minded teams – including Kessel Run, EDDGE, and TRON – to scale Total Force digital transformation.",
Government,Military,Software Factory,Hangar 18,https://www.hangar18.io/,,https://www.hangar18.io/contact/,hangar18@afresearchlab.com,"33 S 5th Ave, Tucson, AZ 85701",https://www.facebook.com/Hangar18SoftwareFactory,,https://www.linkedin.com/company/hangar18usaf/
Government,Military,Software Factory,Kessel Run,https://kesselrun.af.mil/,,,info@kr.af.mil,"11 Barksdale St, Hanscom AFB, MA 01731, Bldg 1614",https://www.linkedin.com/company/kesselrun/,"Kessel Run is a Division within Air Force Life Cycle Management Center’s Digital Directorate, and is the System Program Office for several Programs of Record. We are an Agile Delivery Organization. We sustain the existing Air Operations Center baseline while simultaneously building a scalable software factory to architect, manufacture and operate intuitively designed Wing and Operational level Command and Control systems to function effectively in highly contested environments.",https://www.youtube.com/channel/UCqrPQYmIxbk3Wo_w594pEEA
Government,Military,Software Factory,Kobayashi Maru,https://software.af.mil/softwarefactory/kobayashi-maru/,,,af.cso@us.af.mil,"El Segundo, CA",https://www.linkedin.com/company/kobayashi-maru/,"Kobayashi Maru is the organization that is tasked with modernizing Space Domain Awareness (SDA) and Space C2 warfighter capabilities for the Combined Space Operations Center (CSpOC), 18th Space Control Squadron (SPCS), and National Space Defense Center (NSDC).",https://kesselrun.af.mil/news/kr-kobayashi-collaboration.html
Government,Military,Software Factory,LevelUp AF,https://www.aflevelup.info/,,https://www.aflevelup.info/faq,af.level.up@us.af.mil,"33 S 5th Ave, Tucson, AZ 85701",https://www.facebook.com/AFLEVELUP,LevelUP is the cyber software factory for the Air Force. It also provides DevSecOps/Software Factory managed services with baked-in security to Air Force and Department of Defense programs. The team will provide the ability to deploy a DevSecOps Platform (CNCF-compliant Kubernetes stack) and Continuous Integration/Continuous Delivery (CI/CD) pipeline with a Continuous Authority to Operate (c-ATO).,https://software.af.mil/softwarefactory/platform-one-by-levelup/
Government,Military,Software Factory,N2X Pathfinder AF,https://www.airandspaceforces.com/newest-air-force-software-factory-aims-to-help-afrl-attritable-aircraft-programs/,,,af.cso@us.af.mil,"33 S 5th Ave, Tucson, AZ 85701",,,
Government,Military,Software Factory,Red 5 AF,https://www.airandspaceforces.com/newest-air-force-software-factory-aims-to-help-afrl-attritable-aircraft-programs/,,,af.cso@us.af.mil,"33 S 5th Ave, Tucson, AZ 85701",,,
Government,Military,Software Factory,Rogue Blue,https://software.af.mil/softwarefactory/rogue-blue/,,,af.cso@us.af.mil,"33 S 5th Ave, Tucson, AZ 85701",,"Rogue Blue Software provides an expert software development, integration, and deployment platform across all enclave classifications up to the highest levels principally for Nuclear Command and Control (NC2), the Nation’s critical nuclear enterprise. Current customers include US Strategic Command (USSTRATCOM), US European Command (USEUCOM), the Joint Staff (JS), and the White House Military Office (WHMO). Our forte is our DevSecOps pipelines and ability to continuously integrate software up to the highest classification levels.",https://www.airforce-technology.com/news/lockheed-rogue-blue-software-factory/
Government,Military,Software Factory,Scorpion Camp AF,https://software.af.mil/softwarefactory/scorpion-camp/,,,af.cso@us.af.mil,"33 S 5th Ave, Tucson, AZ 85701",,"Providing Air Force Mission Defense Teams with tailored software capabilities in order to detect, defend, and deter cyber threats across high-value weapons systems.",https://www.552acw.acc.af.mil/News/Article-Display/Article/2965636/scorpion-camp-evolves-a-four-decade-process-with-new-innovative-application/
Government,Military,Software Factory,Ski CAMP AF,https://software.af.mil/softwarefactory/skicamp/,801-898-5936,,af.cso@us.af.mil,"33 S 5th Ave, Tucson, AZ 85701",https://www.linkedin.com/company/air-force-skicamp/,,
Government,Military,Software Factory,SoniKube AF,https://www.globenewswire.com/en/news-release/2020/10/27/2115545/0/en/Air-Force-Software-Team-Tests-Kubernetes-to-Bring-DevSecOps-to-Flight-Test-Community.html,,,af.cso@us.af.mil,"33 S 5th Ave, Tucson, AZ 85701",,,
Government,Military,Software Factory,Space CAMP AF,https://spacecamp.il2.dso.mil/#/home,,,info@spacecamp.dso.mil,"33 S 5th Ave, Tucson, AZ 85701",https://www.linkedin.com/company/air-force-spacecamp/,"Located in Colorado Springs, CO, Space CAMP is a software factory focused on the continuous development and deployment of USSF mission applications to the warfighter. As a software node of Platform One (the DoD Executive agent for DevSecOps) for Continuous Integration/Continuous Deployment (CI/CD), we aim to avoid vendor-lock by building an open platform (Kubernetes/Istio), embrace DevSecOps principles outlined by the DoD CIO and AF CSO, consider microservice/service mesh architectures early and often, leverage event-driven behavior across the entire portfolio, and build a network of like-minded software shops for collaboration.",
Government,Military,Software Factory,Thunder CAMP AF,https://www.airandspaceforces.com/newest-air-force-software-factory-aims-to-help-afrl-attritable-aircraft-programs/,,,af.cso@us.af.mil,"33 S 5th Ave, Tucson, AZ 85701",,,
Government,Military,Software Factory,TRON AF,https://tron.dso.mil/,,Platform 1 members can access the Jira Service Desk,af.cso@us.af.mil,"33 S 5th Ave, Tucson, AZ 85701",https://www.linkedin.com/company/tron-air-force/,,
Government,Military,Software Factory,309th Software Engineering Group,https://software.af.mil/softwarefactory/309th-software-engineering-group/,,,kasey.thompson@us.af.mil,,,"A group of talented people, innovators, engineers, computer scientists, IT, and cybersecurity  professionals. A DevSecOps software engineering culture leading the way in software development (Dev), security (Sec) and operations(Ops). The 309th Software Engineering group at Hill AFB is recognized as a world leader in “cradle-to-grave” support systems. They encompass hardware engineering, software engineering, cybersecurity, cloud security, program management, consulting, data management, and much more.",
Government,Military,Software Factory,Clowdworks,https://software.af.mil/dsop/services/daf-cloudworks/,,,DAF.CLOUD.works@us.af.mil,,,,
,,,,,,,,,,,
Government,Military,Spark Cells,ARCWERX,https://arcwerx.dso.mil/,,https://arcwerx.dso.mil/work-with-us.html,,"33 S 5th Ave, Tucson, Arizona 85701, US",https://www.linkedin.com/company/arcwerx,"The purpose of ARCWERX is to create and foster a lasting culture of innovation in the ARC that builds on the unique structure, geographic distribution and talents of individual Guardsmen and Reservist.",
Government,Military,Spark Cells,ERDCWERX Army,https://www.erdcwerx.org/,,https://www.erdcwerx.org/join-our-ecosystem/,,,https://www.linkedin.com/company/erdcwerx/,"ERDCWERX, in collaboration with the U.S. Army Engineer Research and Development Center (ERDC), seeks to accelerate the application of commercially?derived solutions into deployable capabilities in support of modernization. ERDCWERX capability assessments support ERDC’s Commercial Solutions Opening (CSO) and help identify industry partners. This platform provides support for the CSO’s broadly defined areas of interest and more specific individual program requirements.",
Government,Military,Spark Cells,FATHOMWERX Navy,https://www.fathomwerx.com/,,https://www.fathomwerx.com/contact-us,,"319 Ponoma Street  Port Hueneme, CA 93041",https://www.linkedin.com/company/fathomwerx/,"About Us FATHOMWERX is an innovator of technology designs fusing academia, civilian companies and other nontraditional DoD partners who work on United States DoD and Maritime's most challenging problems.",https://www.youtube.com/channel/UCo32QPiXNzpnSSjksmT4zyA/featured
Government,Military,Spark Cells,North Spark,https://msha.ke/north,701-747-4332,,319rw.north.spark@us.af.mil,,https://www.linkedin.com/company/89697958/admin/,"North Spark exists to increase and foster innovation and collaboration across the 319th Reconnaissance Wing and local communities to improve Airmen's lives, mission effectiveness, and operational capabilities.",https://www.youtube.com/@northspark
Government,Military,Spark Cells,SpaceWERX USSF,https://spacewerx.us/,,https://spacewerx.us/contact/,,,https://www.linkedin.com/company/spacewerxdod/,"Headquartered at the Los Angeles AFWERX hub, SpaceWERX inspires and empowers collaboration with innovators to accelerate capabilities and shape our future in space. Major technology trends that affect our national security continue to emerge from private industry, academia, and the government. ",https://www.facebook.com/SpaceWERXDOD
Government,Military,Spark Cells,STRIKEWERX AF,https://www.strikewerx.com/,888-808-2163,,info@strikewerx.com,,https://www.linkedin.com/showcase/strikewerx-usaf/,,https://www.facebook.com/STRIKEWERX
,,,,,,,,,,,
Government,Military,DoD / Joint,Defense Advanced Research Projects Agency (DARPA),https://darpa.mil,(703) 526-6624,https://contact.darpa.mil/,,"675 North Randolph Street Arlington, VA 22203-2114",,,
Government,Military,DoD / Joint,Chief Digital and Artificial Intelligence Office (CDAO),https://www.ai.mil/,,,,,,,
Government,Military,DoD / Joint,Defense Counterintelligence and Security Agency (DCSA),https://www.dcsa.mil/,571-305-6562,https://www.dcsa.mil/Contact/,,"27130 Telegraph Rd. Quantico, VA 22134",https://www.linkedin.com/company/dcsagov/,,
Government,Military,DoD / Joint,Defense Innovation Board,https://innovation.defense.gov/,,https://innovation.defense.gov/Contact/,,,https://www.facebook.com/DeptofDefense,"The mission of the Defense Innovation Board is to provide the Secretary of Defense, Deputy Secretary of Defense, and other senior leaders across the Department with independent advice and recommendations on innovative means to address future challenges through the prism of three focus areas: people and culture, technology and capabilities, and practices and operations.",
Government,Military,DoD / Joint,Defense Innovation Unit (DIU),https://www.diu.mil/about,,,info@diu.mil,,https://www.linkedin.com/company/diux/,"The Defense Innovation Unit (DIU) strengthens national security by accelerating the adoption of commercial technology throughout the military and bolstering our allied and national security innovation bases. DIU partners with organizations across the Department of Defense (DoD)to rapidly prototype and field dual-use capabilities that solve operational challenges at speed and scale. With offices in Silicon Valley, Boston, Austin, Chicago and inside the Pentagon, DIU is the Department’s gateway to leading technology companies across the country.",
Government,Military,DoD / Joint,Defense Logistics Agency,https://www.dla.mil/Small-Business/,  571-767-0192,https://www.dla.mil/About-DLA/Contact-Us/,,https://www.dla.mil/About-DLA/Contact-Us/,https://www.linkedin.com/company/defense-logistics-agency/,,
Government,Military,DoD / Joint,Defense Threat Reduction Agency (DTRA),https://www.dtra.mil/,,,,,,,
Government,Military,DoD / Joint,Irregular Warfare Technical Support Directorate,https://www.cttso.gov/,,,,,,,
Government,Military,DoD / Joint,"Joint Program Executive Office for Chemical, Biological, Radiological and Nuclear Defense (JPEO-CBRND)",https://www.acq.osd.mil/asda/jrac/index.html,,https://www.acq.osd.mil/asda/jrac/contact-us.html,,,,The purpose of the Joint Rapid Acquisition Cell is to assist in resolving issues impeding the urgent materiel and logistics requirements that the Combatant Commands certify as operationally critical and the Joint Staff validates as an urgent Warfighter need.,
Government,Military,DoD / Joint,Joint Rapid Acquisition Cell (JRAC),https://www.acq.osd.mil/asda/jrac/contact-us.html,,,,,,,
Government,Military,DoD / Joint,Joint Special Operations University (JSOU),https://www.jsou.edu/,,,,,,,
Government,Military,DoD / Joint,Joint Staff,https://www.jcs.mil/,,,,,,,
,,,,,,,,,,,
,,,,,,,,,,,
Government,Military,DoD / Joint,Joint Warfare Analysis Center,https://www.jwac.mil/,,,,,,,
Government,Military,DoD / Joint,All Partners Access Network,https://www.apan.org/,,,,,,,
Government,Military,DoD / Joint,Apex Accelerators DoD OSBP,https://www.apexaccelerators.us/#/contact,,,,,,,
Government,Military,DoD / Joint,intro DoD page,https://business.defense.gov/Work-with-us/Military-Departments-and-Defense-Agencies/,,,,,,,
Government,Military,DoD / Joint,National Guard Bureau (NGB),https://www.nationalguard.mil/Resources/Contact/,,,,,,,
Government,Military,DoD / Joint,National Reconnaissance Office (NRO),https://www.nro.gov/,,,,,,,
Government,Military,DoD / Joint,National Security Agency (NSA),https://www.nsa.gov/,,,,,,,
Government,Military,DoD / Joint,National Security Agency (NSA/CSS),https://www.nsa.gov/About/Central-Security-Service/,,,,,,,
Government,Military,DoD / Joint,Rapid Innovation Fund,https://defenseinnovationmarketplace.dtic.mil/business-opportunities/rapid-innovation-fund/,,,,,,,https://defenseinnovationmarketplace.dtic.mil/business-opportunities/small-business/
Government,Military,DoD / Joint,USD(A&S),https://www.acq.osd.mil/asda/jrac/index.html,,,,,,,
Government,Military,DoD / Joint,USD(I&S),https://ousdi.defense.gov/,,,,,,,
Government,Military,DoD / Joint,USD(R&E),https://www.cto.mil/,,,,,,,
Government,Military,DoD / Joint,WHS Office of Small Business Programs,https://www.whs.mil/About-WHS/Offices/Office-of-Small-Business-Programs-OSBP/,,WHS.OSBP@mail.mil,osd.business.defense@mail.mil,,,,https://www.youtube.com/channel/UCWqFIsZVvOsMkrEqMNfyD4A
,,,,,,,,,,,
Government,Military,National Science and Technology Reinvention Labs (STRL),Air Force Research Laboratory,,,,,,,,
Government,Military,National Science and Technology Reinvention Labs (STRL),Army Combat Capabilities Development Command's Armaments Center,,,,,,,,
Government,Military,National Science and Technology Reinvention Labs (STRL),Army Combat Capabilities Development Command's Army Research Laboratory,,,,,,,,
Government,Military,National Science and Technology Reinvention Labs (STRL),Army Combat Capabilities Development Command's Aviation and Missile Center,,,,,,,,
Government,Military,National Science and Technology Reinvention Labs (STRL),Army Combat Capabilities Development Command's Chemical Biological Center,,,,,,,,
Government,Military,National Science and Technology Reinvention Labs (STRL),"Army Combat Capabilities Development Command's Command, Control, Communications, Computers, Cyber, Intelligence, Surveillance, and Reconnaissance Center",,,,,,,,
Government,Military,National Science and Technology Reinvention Labs (STRL),Army Combat Capabilities Development Command's Ground Vehicle Systems Center,,,,,,,,
Government,Military,National Science and Technology Reinvention Labs (STRL),Army Combat Capabilities Development Command's Soldier Center,,,,,,,,
Government,Military,National Science and Technology Reinvention Labs (STRL),Army Engineer Research and Development Center,,,,,,,,
Government,Military,National Science and Technology Reinvention Labs (STRL),Army Futures Command,,,,,,,,
Government,Military,National Science and Technology Reinvention Labs (STRL),Army Medical Research and Development Command,,,,,,,,
Government,Military,National Science and Technology Reinvention Labs (STRL),Army Research Institute for the Behavioral and Social Sciences,,,,,,,,
Government,Military,National Science and Technology Reinvention Labs (STRL),Army Space and Missile Defense Command's Technical Center,,,,,,,,
Government,Military,National Science and Technology Reinvention Labs (STRL),Joint Warfare Analysis Center,,,,,,,,
Government,Military,National Science and Technology Reinvention Labs (STRL),Naval Air Systems Command Warfare Centers,,,,,,,,
Government,Military,National Science and Technology Reinvention Labs (STRL),Naval Facilities Engineering Command Systems Engineering and Expeditionary Warfare Center,,,,,,,,
Government,Military,National Science and Technology Reinvention Labs (STRL),"Naval Information Warfare Centers, Atlantic and Pacific",,,,,,,,
Government,Military,National Science and Technology Reinvention Labs (STRL),Naval Medical Research Center,,,,,,,,
Government,Military,National Science and Technology Reinvention Labs (STRL),Naval Research Laboratory,,,,,,,,
Government,Military,National Science and Technology Reinvention Labs (STRL),Naval Sea Systems Command Warfare Centers,,,,,,,,
Government,Military,National Science and Technology Reinvention Labs (STRL),Office of Naval Research,,,,,,,,
,,,,,,,,,,,
,,,,,,,,,,,
,,,,,,,,,,,
,,,,,,,,,,,
Government,Military,Army,"Assistant Secretary of the Army (Installations, Energy and Environment)",https://www.army.mil/asaiee,,,,,,,
Government,Military,Army,75th Innovation Command Army Reserve,,,,,,,,
Government,Military,Army,Army Applications Laboratory,,,,,,,,
Government,Military,Army,Army Expeditionary Search (xTech),,,,,,,,
Government,Military,Army,Army Expeditionary Technology Search (xTech),,,,,,,,
Government,Military,Army,Army Futures and Concepts Center,,,,,,,,
Government,Military,Army,Army Futures Command,,,,,,,,
Government,Military,Army,Army Futures Command (AFC),,,,,,,,
Government,Military,Army,Army Intelligence (G2),,,,,,,,
Government,Military,Army,Army Medical Research and Development Command,,,,,,,,
Government,Military,Army,Army Medical Research and Development Command,,,,,,,,
Government,Military,Army,Army Miltech,,,,,,,,
Government,Military,Army,Army National Guard,,,,,,,,
Government,Military,Army,Army Rapid Capabilities and Critical Technologies Office,https://ww3.safaq.hq.af.mil/,,,,,,,
Government,Military,Army,Army Rapid Capabilities and Critical Technologies Office (RCCTO),https://cwspectrum.host.casewise.com/evolve/statics/apm/#/cwtype=index&cwview=index_diagrams&lang=en,,,,,,,
Government,Military,Army,Army Research Institute for Behavioral and Social Sciences,https://www.safie.hq.af.mil/,,,,,,,
Government,Military,Army,Army Research Laboratory,https://www.afmc.af.mil/,,,,,,,
Government,Military,Army,Army Research Laboratory (ARL),,,,,,,,
Government,Military,Army,Army SBIR/STTR Program,,,,,,,,
Government,Military,Army,Army Secretary of Defense,,,,,,,,
Government,Military,Army,ARNG Business Innovation Office,,,,,,,,
Government,Military,Army,Artificial Intelligence Integration Center,,,,,,,,
Government,Military,Army,"Assistant Secretary of the Army (Acquisition, Logistics and Technology)",https://www.army.mil/asaalt/,,,,,,,
Government,Military,Army,"Assistant Secretary of the Army for Acquisition, Logistics and Technology",,,,,,,,
Government,Military,Army,Aviation and Missile Center (AvMC),,,,,,,,
Government,Military,Army,Combat Capabilities Development Command (DEVCOM),,,,,,,,
Government,Military,Army,Devcom Army Research Laboratory,,,,,,,,
Government,Military,Army,FORSCOM,,,,,,,,
Government,Military,Army,Ground Vehicle Systems Center (GVSC),,,,,,,,
Government,Military,Army,Marne Innovation and Technology Center,,,,,,,,
Government,Military,Army,Massachusetts National Guard Innovation Team,,,,,,,,
Government,Military,Army,Medical Research Development Command,,,,,,,,
Government,Military,Army,Medical Research Development Directorate (MRDC),,,,,,,,
Government,Military,Army,Space and Missile Defense Command,,,,,,,,
Government,Military,Army,U.S. Army Materiel Command ,https://www.amc.army.mil/,,,,,,,"The U.S. Army Materiel Command develops and delivers materiel readiness solutions to ensure globally dominant land force capabilities. Headquartered at Redstone Arsenal, Alabama, Army Materiel Command is one of four Army Commands. AMC synchronizes and integrates the Army's total capabilities in support of the Chief of Staff of the Army’s priorities and Combatant Command requirements. As the Army’s Lead Materiel Integrator, Army Materiel Command manages the global supply chain, synchronizing logistics and sustainment activities across the Army."
Government,Military,Navy,Acquisition Research Program at Naval Postgraduate School,,,,,,,,
Government,Military,Navy,Applied Physics Lab (JHU) Navy,,,,,,,,
Government,Military,Navy,Applied Physics Laboratory (UW) Navy,,,,,,,,
Government,Military,Navy,Applied Research Laboratories,,,,,,,,
Government,Military,Navy,Applied Research Laboratory (PSU) Navy,,,,,,,,
Government,Military,Navy,Applied Research Laboratory (UH) Navy,,,,,,,,
Government,Military,Navy,Center for Naval Analysis,,,,,,,,
Government,Military,Navy,Center for Naval Metalworking,,,,,,,,
Government,Military,Navy,Naval Air Systems Command (NAVAIR),,,,,,,,
Government,Military,Navy,"Naval Air Warfare Center, Aircraft Division",,,,,,,,
Government,Military,Navy,"Naval Air Warfare Center, Weapons Division",,,,,,,,
Government,Military,Navy,Naval Aviation Systems Consortium (NASC),,,,,,,,
Government,Military,Navy,Naval Facilities Engineering Command,,,,,,,,
Government,Military,Navy,Naval Facilities Engineering Systems Command,,,,,,,,
Government,Military,Navy,Naval Facilities Engineering Systems Command (NAVFAC),,,,,,,,
Government,Military,Navy,Naval Information Warfare Center (Atlantic),,,,,,,,
Government,Military,Navy,Naval Information Warfare Center (Pacific),,,,,,,,
Government,Military,Navy,Naval Information Warfare Systems Command (NAVWAR),,,,,,,,
Government,Military,Navy,Naval Medical Research Center,,,,,,,,
Government,Military,Navy,Naval Postgraduate School,,,,,,,,
Government,Military,Navy,Naval Postgraduate School (NPS),,,,,,,,
Government,Military,Navy,Naval Research Lab (NRL),,,,,,,,
Government,Military,Navy,Naval Research Laboratory,,,,,,,,
Government,Military,Navy,Naval Sea Surface Warfare Center (NSWC),,,,,,,,
Government,Military,Navy,Naval Sea Systems Command (NAVSEA),,,,,,,,
Government,Military,Navy,Naval Shipbuilding and Advanced Manufacturing Center of Excellence,,,,,,,,
Government,Military,Navy,Naval Surface Technology and Innovation Consortium (NSTIC),,,,,,,,
Government,Military,Navy,Naval Undersea Warfare Center (NUWC),,,,,,,,
Government,Military,Navy,NavalX,,,,,,,,
Government,Military,Navy,Navy SBIR/STTR,,,,,,,,
Government,Military,Navy,Navy Secretary of Defense,,,,,,,,
Government,Military,Navy,Navy SIBR/STTR Program,,,,,,,,
Government,Military,Navy,Navy Warfare Development Center (NWDC),,,,,,,,
Government,Military,Navy,Navy Warfare Development Command,,,,,,,,
Government,Military,Navy,NUWC Newport,,,,,,,,
Government,Military,Navy,ODIN,,,,,,,,
Government,Military,Navy,Office of Naval Research,,,,,,,,
,,,,,,,,,,,
Government,Military,Air Force,AFRL Open System Acquisition Initiative (OSAI),,,,,,,,
Government,Military,Air Force,AFRL Open Technology and Agility for Innovation (OTAFI),,,,,,,,
Government,Military,Air Force,AFRL OTAFI,,,,,,,,
Government,Military,Air Force,AFVentures (AFRL/RGB),,,,,,,,
Government,Military,Air Force,AFWERX,,,,,,,,
Government,Military,Air Force,AFWERX (AFRL/RG),,,,,,,,
Government,Military,Air Force,AFWERX Contracting Office (AFRL/RGK),,,,,,,,
Government,Military,Air Force,AFWERX Spark (AFRL/RGS),,,,,,,,
Government,Military,Air Force,Air Force Chief Software Office Innovation and Modernization Patuxent River (IMPAX),,,,,,,,
Government,Military,Air Force,Air Force MIT AI Accelerator,,,,,,,,
Government,Military,Air Force,Air Force T3 Transition Accelerator,,,,,,,,
Government,Military,Air Force,Air University Innovation Accelerator (AUiX,,,,,,,,
Government,Military,Air Force,Air University Innovation Accelerator (AUiX),,,,,,,,
Government,Military,Air Force,Combatant Command C2 Division (AFLCMC/HBC),,,,,,,,
Government,Military,Air Force,"Command, Control, Communications, Intelligence & Networks Directorate (AFLCMC/HN)",,,,,,,,
Government,Military,Air Force,Tesseract,,,,,,,,
,,,,,,,,,,,
Government,Military,Marine Corps,Marine Corps Combat Development Command (MCCDC),,,,,,,,
Government,Military,Marine Corps,Marine Corps Intelligence,,,,,,,,
Government,Military,Marine Corps,Marine Corps Software Factory,,,,,,,,
Government,Military,Marine Corps,Marine Corps Warfighting Laboratory,,,,,,,,
Government,Military,Marine Corps,Marine Corps Warfighting Laboratory (MCWL),,,,,,,,
Government,Military,Marine Corps,Marine Forces Cyberspace Command (MARFORCYBER),,,,,,,,
Government,Military,Marine Corps,Marine Innovation and Technology Center,,,,,,,,
Government,Military,Marine Corps,MCWL Current Technology Office,,,,,,,,
Government,Military,Marine Corps,MCWL Office of Science and Technology,,,,,,,,
Government,Military,Marine Corps,MCWL Rapid Capabilites Office,,,,,,,,
Government,Military,Marine Corps,MCWL S&T Futures Directorate,,,,,,,,
Government,Military,Marine Corps,MCWL S&T Office of Science and Technology Integration,,,,,,,,
,,,,,,,,,,,
Government,OGA,OGA,CIA Labs,,,,,,,,
Government,OGA,OGA,Intelligence Advanced Research Projects Activity (IARPA),,,,,,,,
Government,OGA,OGA,Moonshot Labs NGA,,,,,,,,
,,,,,,,,,,,
Government,DOE,National Labs etc.,Ames Laboratory,,,,,,,,
Government,DOE,National Labs etc.,Argonne National Laboratory,,,,,,,,
Government,DOE,National Labs etc.,Brookhaven National Laboratory,,,,,,,,
Government,DOE,National Labs etc.,Fermi National Accelerator Laboratory,,,,,,,,
Government,DOE,National Labs etc.,Idaho National Laboratory,,,,,,,,
Government,DOE,National Labs etc.,Lawrence Berkeley National Laboratory,,,,,,,,
Government,DOE,National Labs etc.,Lawrence Livermore National Laboratory,,,,,,,,
Government,DOE,National Labs etc.,Los Alamos National Laboratory,,,,,,,,
Government,DOE,National Labs etc.,National Energy Technology Laboratory,,,,,,,,
Government,DOE,National Labs etc.,National Renewable Energy Laboratory,,,,,,,,
Government,DOE,National Labs etc.,Oak Ridge National Laboratory,,,,,,,,
Government,DOE,National Labs etc.,Pacific Northwest National Laboratory,,,,,,,,
Government,DOE,National Labs etc.,Princeton Plasma Physics Laboratory,,,,,,,,
Government,DOE,National Labs etc.,Sandia National Laboratories Savannah River National Laboratory,,,,,,,,
Government,DOE,National Labs etc.,SLAC National Accelerator Laboratory Thomas Jefferson National Accelerator Facility,,,,,,,,
Government,DOE,National Labs etc.,Technology Innovation Fund,,,,,,,,
,,,,,,,,,,,
,,,,,,,,,,,
,,,,,,,,,,,
Government,States,Individual state centers,Geophysical Detection of Nuclear Proliferation (UAF),,,,,,,,
Government,States,Individual state centers,Hawaii Technology Development Corporation,,,,,,,,
Government,States,Individual state centers,Idaho National Laboratory DOE,,,,,,,,
Government,States,Individual state centers,Indiana Innovation Institute,,,,,,,,
Government,States,Individual state centers,Maryland Innovation and Security Institute,,,,,,,,
Government,States,Individual state centers,Maryland Technology Development Corporation,,,,,,,,
Government,States,Individual state centers,Michigan National Guard Kelly Johnson Joint All-Domain Innovation Center,,,,,,,,
Government,States,Individual state centers,Mississippi Enterprise for Technology,,,,,,,,
Government,States,Individual state centers,Missouri Technology Corporation,,,,,,,,
,,,,,,,,,,,
,,,,,,,,,,,
,,,,,,,,,,,
Private Sector,,,Additive Manufacturing Tech Hub,,,,,,,,
Private Sector,,,Advanced Technology International (ATI),,,,,,,,
Private Sector,,,Aerospace Corporation,,,,,,,,
Private Sector,,,AeroVironment,,,,,,,,
Private Sector,,,AFFOA: Advanced Functional Fabrics of America,,,,,,,,
Private Sector,,,Aim Photonics: American Institute for Manufacturing Integrated Photonics,,,,,,,,
Private Sector,,,America Makes,,,,,,,,
Private Sector,,,American Metalcasting Consortium,,,,,,,,
Private Sector,,,Big Safari (645th AESG),,,,,,,,
Private Sector,,,BiofabUSA: Advanced Tissue Biofabrication Institute,,,,,,,,
Private Sector,,,BioMADE: Bioindustrial Manufacturing and Design Ecosystem,,,,,,,,
Private Sector,,,Black Label,,,,,,,,
Private Sector,,,Black Pearl,,,,,,,,
Private Sector,,,Business Enterprise System Product Innovation (BESPIN),,,,,,,,
Private Sector,,,C5ISR Catalyst Campus,,,,,,,,
Private Sector,,,"CASTLE: Center for Advancing Science, Technology, Learning, and Engagement",,,,,,,,
Private Sector,,,"Center for Advancing Science, Technology, Learning, and Engagement (CASTLE)",,,,,,,,
Private Sector,,,Center for Innovative Technology,,,,,,,,
Private Sector,,,Central Florida Tech Grove,,,,,,,,
Private Sector,,,Chemical Biological Center (CBC),,,,,,,,
Private Sector,,,Cloud One,,,,,,,,
Private Sector,,,Codeworks,,,,,,,,
Private Sector,,,DASD(TRAC),,,,,,,,
Private Sector,,,Devcom,,,,,,,,
Private Sector,,,DreamPort,,,,,,,,
Private Sector,,,Electro-Optics Center,,,,,,,,
Private Sector,,,FirePoint Innovations Center,,,,,,,,
Private Sector,,,"Force Structure, Resources, and Assessment Directorate",,,,,,,,
Private Sector,,,Hyperspace Challenge,,,,,,,,
Private Sector,,,Innovare Advancement Center,,,,,,,,
Private Sector,,,Innovation Accelerator Foundation,,,,,,,,
Private Sector,,,In-Q-Tel,,,,,,,,
Private Sector,,,Institute for Collaborative Biotechnologies (UCSB),,,,,,,,
Private Sector,,,Institute for Soldier Nanotechnologies (MIT),,,,,,,,
Private Sector,,,Laboratory for Advanced Cybersecurity (LAC),,,,,,,,
Private Sector,,,Lift: Connecting Technology and Talent,,,,,,,,
Private Sector,,,ManTech,,,,,,,,
Private Sector,,,Manufacturing Times Digital (MXD): Digital Manufacturing and Cybersecurity Institute,,,,,,,,
Private Sector,,,Maryland Technology Development Corporation,,,,,,,,
Private Sector,,,"Mississippi Enterprise for Technology, Inc",,,,,,,,
Private Sector,,,Multicomponent (PIA),,,,,,,,
Private Sector,,,NAUTILUS,,,,,,,,
Private Sector,,,Nextflex: America's Flexible Hybrid Electronics Institute,,,,,,,,
Private Sector,,,Platform One,,,,,,,,
Private Sector,,,Radius Indiana,,,,,,,,
Private Sector,,,RAND,,,,,,,,
Private Sector,,,Red 5,,,,,,,,
Private Sector,,,Rogue Blue,,,,,,,,
Private Sector,,,RTI Innovation Advisors,,,,,,,,
Private Sector,,,SAE Industry Technologies,,,,,,,,
Private Sector,,,SOSSEC,,,,,,,,
Private Sector,,,Space Commercially Augmented Mission Platform,,,,,,,,
Private Sector,,,STRL,,,,,,,,
Private Sector,,,Systems Engineering & Integration Center for Communications & Computing (IDA),,,,,,,,
Private Sector,,,Team Catalyst (AFRL/RGSI),,,,,,,,
Private Sector,,,Text,,,,,,,,
Private Sector,,,The Griffiss Institute,,,,,,,,
Private Sector,,,The Patuxent Partnership,,,,,,,,
Private Sector,,,Vertical Lift Consortium (VLC),,,,,,,,
,,,,,,,,,,,
,,,,,,,,,,,
,,,,,,,,,,,
Academia,,,Applied Research Laboratory for Intelligence and Security,,,,,,,,
Academia,,,Georgia Tech Research Institute (GT),,,,,,,,
Academia,,,Georgia Tech Research Institute (GTRI),,,,,,,,
Academia,,,Georgia Tech Research Institute (GTRI),,,,,,,,
Academia,,,Indiana Innovation Institute,,,,,,,,
Academia,,,Institute for Advanced Technology,,,,,,,,
Academia,,,Institute for Collaborative Biotechnologies (UCSB),,,,,,,,
Academia,,,Institute for Creatives Technologies (USC),,,,,,,,
Academia,,,Institute for Manufacturing and Sustainment Technologies,,,,,,,,
Academia,,,Maryland Innovation and Security Institute (MISI),,,,,,,,
Academia,,,Medical Technologies Enterprise Consortium (MTEC),,,,,,,,
Academia,,,National Defense Research Institute,,,,,,,,
Academia,,,New Mexico Institute of Mining and Technology,,,,,,,,
Academia,,,NSWC Philadelphia,,,,,,,,
Academia,,,Purdue Foundry,,,,,,,,
Academia,,,Software Engineering Institute,,,,,,,,
Academia,,,Space Dynamics Laboratory (USU),,,,,,,,
Academia,,,Techlink,,,,,,,,
Academia,,,University of Maryland: MPower Center,,,,,,,,
Academia,,,Virginia Tech Applied Research Corporation,,,,,,,,
,,,,,,,,,,,
Non-Profits,,,Center for Naval Analysis,,,,,,,,
Non-Profits,,,IDA Communications & Computing Center,,,,,,,,
Non-Profits,,,IDA Systems and Analyses Center,,,,,,,,
Non-Profits,,,National Shipbuilding Research Program (NSRP),,,,,,,,
Non-Profits,,,National Shipbuilding Research Program (NSRP),,,,,,,,
Non-Profits,,,NewSpace New Mexico,,,,,,,,
Non-Profits,,,Thomas Jefferson National Accelorator Facility,,,,,,,,
,,,,,,,,,,,
,,,,,,,,,,,
Partnerships / Consortia,,,Advanced Technology International (ATI),,,,,,,,
Partnerships / Consortia,,,AFLCMC Consortium Initiative (ACI),,,,,,,,
Partnerships / Consortia,,,America's Sea Land Air Military Research Initiative - Naval Postgraduate School,,,,,,,,
Partnerships / Consortia,,,Aviation & Missile Technology Consortium,,,,,,,,
Partnerships / Consortia,,,"Consortium for Command, Control, and Communications in Cyberspace (C5)",,,,,,,,
Partnerships / Consortia,,,"Consortium for Energy, Environment, and Demilitarization (CEED)",,,,,,,,
Partnerships / Consortia,,,Consortium for Execution of Rendezvous and Servicing Operations,,,,,,,,
Partnerships / Consortia,,,Consortium Management Group (CMG),,,,,,,,
Partnerships / Consortia,,,Cornerstone Consortium,,,,,,,,
Partnerships / Consortia,,,Countering Weapons of Mass Destruction Consortium,,,,,,,,
Partnerships / Consortia,,,Defense Automotive Technologies Consortium (DATC),,,,,,,,
Partnerships / Consortia,,,Defense Ordnance Technology Consortium,,,,,,,,
Partnerships / Consortia,,,DoD Ordnance Technology Consortium,,,,,,,,
Partnerships / Consortia,,,Energetics Manufacturing Technology Center,,,,,,,,
Partnerships / Consortia,,,FirePoint Innovations Center,,,,,,,,
Partnerships / Consortia,,,Forging Defense Manufacturing Consortium (FDMC),,,,,,,,
Partnerships / Consortia,,,GOVERNANCE AND GUIDANCE OFFICES,,,,,,,,
Partnerships / Consortia,,,Hyperspace Challenge,,,,,,,,
Partnerships / Consortia,,,Innovare Advancement Center,,,,,,,,
Partnerships / Consortia,,,Innovation Accelerator Foundation,,,,,,,,
Partnerships / Consortia,,,Joint Warfare Analysis Center,,,,,,,,
Partnerships / Consortia,,,Lift: Connecting Technology and Talent,,,,,,,,
Partnerships / Consortia,,,Maritime Sustainment Technology and Innovation Consortium (MSTIC),,,,,,,,
Partnerships / Consortia,,,Maritime Sustainment Technology and Innovation Consortium (MSTIC),,,,,,,,
Partnerships / Consortia,,,Medical Chemical Biological Radiological and Nuclear Defense Consortium,,,,,,,,
Partnerships / Consortia,,,Microelectronic Commons,,,,,,,,
Partnerships / Consortia,,,"Mississippi Enterprise for Technology, Inc",,,,,,,,
Partnerships / Consortia,,,MITRE Corporation - National Security Engineering Center (NSEC),,,,,,,,
Partnerships / Consortia,,,Moonshot Labs,,,,,,,,
Partnerships / Consortia,,,Multicomponent (PIA),,,,,,,,
Partnerships / Consortia,,,National Advanced Mobility Consortium,,,,,,,,
Partnerships / Consortia,,,National Armaments Consortium (NAC),,,,,,,,
Partnerships / Consortia,,,National Center for Manufacturing Sciences,,,,,,,,
Partnerships / Consortia,,,National Defense Research Institute,,,,,,,,
Partnerships / Consortia,,,National Energy Technology Laboratory,,,,,,,,
Partnerships / Consortia,,,National Security Innovation Capital (NSIC),,,,,,,,
Partnerships / Consortia,,,National Security Innovation Network (NSIN),,,,,,,,
Partnerships / Consortia,,,National Security Technology Accelerator (NSTXL),,,,,,,,
Partnerships / Consortia,,,National Security Technology Enterprise Consortium (NSTEC),,,,,,,,
Partnerships / Consortia,,,National Shipbuilding Research Program,,,,,,,,
Partnerships / Consortia,,,National Spectrum Consortium (NSC),,,,,,,,
Partnerships / Consortia,,,NAUTILUS,,,,,,,,
Partnerships / Consortia,,,Naval Aviation Systems Consortium (NASC),,,,,,,,
Partnerships / Consortia,,,Naval Energetic Systems and Technologies (NEST),,,,,,,,
Partnerships / Consortia,,,Navy (PIA),,,,,,,,
Partnerships / Consortia,,,Nextflex: America's Flexible Hybrid Electronics Institute,,,,,,,,
Partnerships / Consortia,,,ODIN,,,,,,,,
Partnerships / Consortia,,,Office of Naval Research,,,,,,,,
Partnerships / Consortia,,,PIA,,,,,,,,
Partnerships / Consortia,,,Platform One,,,,,,,,
Partnerships / Consortia,,,Purdue University,,,,,,,,
Partnerships / Consortia,,,Radius Indiana,,,,,,,,
Partnerships / Consortia,,,RTI Innovation Advisors,,,,,,,,
Partnerships / Consortia,,,SAE Industry Technologies,,,,,,,,
Partnerships / Consortia,,,Space Commercially Augmented Mission Platform,,,,,,,,
Partnerships / Consortia,,,Space Dynamics Laboratory (USU),,,,,,,,
Partnerships / Consortia,,,Space Enterprise Technology Consortia (SETC),,,,,,,,
Partnerships / Consortia,,,Space Systems Engineering Consortium,,,,,,,,
Partnerships / Consortia,,,Systems Engineering & Integration Center for Communications & Computing (IDA),,,,,,,,
Partnerships / Consortia,,,Team Catalyst (AFRL/RGSI),,,,,,,,
Partnerships / Consortia,,,The Consortium for Execution of Rendezvous and Servicing Operations,,,,,,,,
Partnerships / Consortia,,,The Griffiss Institute,,,,,,,,
Partnerships / Consortia,,,The Patuxent Partnership,,,,,,,,
Partnerships / Consortia,,,Thomas Jefferson National Accelorator Facility,,,,,,,,
Partnerships / Consortia,,,TRON,,,,,,,,
Partnerships / Consortia,,,Undersea Technology Innovation Consortium (UTIC),,,,,,,,
Partnerships / Consortia,,,University Technology Enterprise Consortium,,,,,,,,
Partnerships / Consortia,,,Vertical Lift Consortium (VLC),,,,,,,,
Partnerships / Consortia,,,Virginia Tech Applied Research Corporation,,,,,,,,
Partnerships / Consortia,,,Weapons Industry Consortium (WIC),,,,,,,,
Partnerships / Consortia,,,MGMWERX AF,,,,,,,,
,,,,,,,,,,,
,,,,,,,,,,,
,,,,,,,,,,,
Awesome List (Github),Govt,SBIR .gov,Homepage , https://sbir.gov,,,,,,,
Awesome List (Github),Govt,SBIR .gov,About , https://sbir.gov/about,,,,,,,
Awesome List (Github),Govt,SBIR .gov,How to Apply , https://sbir.gov/how-to-apply,,,,,,,
Awesome List (Github),Govt,SBIR .gov,Awards , https://sbir.gov/sbirsearch/award/all,,,,,,,
Awesome List (Github),Govt,SBIR .gov,Form , https://sbir.wufoo.com/forms/r1gkqprt0wf44q6,,,,,,,
Awesome List (Github),Govt,SBIR .gov,FAQs - General Questions , https://sbir.gov/faqs/general-questions,,,,,,,
Awesome List (Github),Govt,SBIR .gov,Events , https://sbir.gov/events,,,,,,,
Awesome List (Github),Govt,SBIR .gov,News - Success Stories , https://sbir.gov/news/success-stories,,,,,,,
Awesome List (Github),Govt,SBIR .gov,Affiliation (caveat issues , https://sbir.gov/affiliation,,,,,,,
,,,,,,,,,,,
Awesome List (Github),Military,National Labs etc.,OUSD Acquisition & Sustainment , https://www.acq.osd.mil,,,,,,,
Awesome List (Github),Military,National Labs etc.,DoD Small Business , https://business.defense.gov/Work-with-us/Military-Departments-and-Defense-Agencies,,,,,,,
,,,,,,,,,,,
Awesome List (Github),Military,Army,Army , https://osbp.army.mil,,,,,,,
Awesome List (Github),Military,Army,Aberdeen Proving Ground , https://osbp.apg.army.mil,,,,,,,
Awesome List (Github),Military,Army,Army Contracting Command , https://acc.army.mil/smallbusiness,,,,,,,
Awesome List (Github),Military,Army,Army Corps of Engineers HQ , https://www.usace.army.mil/Business-With-Us/Small-Business,,,,,,,
Awesome List (Github),Military,Army,Army Corps of Engineers Jacksonville District , https://www.saj.usace.army.mil/SmallBusiness,,,,,,,
Awesome List (Github),Military,Army,Army Intelligence  Security Command INSCOM , https://www.inscom.army.mil/SmallBiz.aspx,,,,,,,
Awesome List (Github),Military,Army,Army Joint Munitions  Lethality Life Cycle Management Command , https://www.jmc.army.mil/Historian/MunitionsAndLethality.aspx,,,,,,,
Awesome List (Github),Military,Army,Army Materiel Command , https://www.army.mil/organization,,,,,,,
Awesome List (Github),Military,Army,Army Program Executive Office Simulation , Training and Instrumentation , https://www.peostri.army.mil,,,,,,
Awesome List (Github),Military,Army,Army Space  Missile Defense Command , https://www.smdc.army.mil,,,,,,,
Awesome List (Github),Military,Army,Army Sustainment Command , https://www.aschq.army.mil/home/SmallBusiness.aspx,,,,,,,
Awesome List (Github),Military,Army,National Guard Bureau , https://www.nationalguard.mil/Leadership/Joint-Staff/Special-Staff/Small-Business-Programs,,,,,,,
Awesome List (Github),Military,Army,TACOM , https://www.tacom.army.mil/osbp,,,,,,,
,,,,,,,,,,,
Awesome List (Github),Military,Navy ,Navy , https://www.secnav.navy.mil/smallbusiness/pages/default.aspx/smallbusiness/Pages/default.aspx,,,,,,,
Awesome List (Github),Military,Navy ,Navy Office of Small Business Resources OSBP , https://www.secnav.navy.mil/smallbusiness/Pages/OSBP_Resources.aspx,,,,,,,
Awesome List (Github),Military,Navy ,Military Sealift Command , https://www.msc.usff.navy.mil/Business-Opportunities/Contracts,,,,,,,
Awesome List (Github),Military,Navy ,Naval Air Systems Command , https://www.navair.navy.mil/osbp,,,,,,,
Awesome List (Github),Military,Navy ,Naval Facilities Engineering Command , https://www.navfac.navy.mil,,,,,,,
Awesome List (Github),Military,Navy ,Naval Sea Systems Command , https://www.secnav.navy.mil/smallbusiness/Pages/navsea.aspx,,,,,,,
Awesome List (Github),Military,Navy ,Naval Supply Systems Command , https://www.navsup.navy.mil/Business-Opportunities/Home,,,,,,,
Awesome List (Github),Military,Navy ,Office of Naval Research , https://www.nre.navy.mil/work-with-us/small-business,,,,,,,
Awesome List (Github),Military,Navy ,Space and Naval Warfare Systems Command , https://www.secnav.navy.mil/smallbusiness/Pages/OSBP_Resources.aspx,,,,,,,
Awesome List (Github),Military,Navy ,Strategic Systems Programs , https://www.secnav.navy.mil/smallbusiness/Pages/ssp.aspx,,,,,,,
,,,,,,,,,,,
Awesome List (Github),Military,Marine Corps,Marine Corps Installations and Logistics , https://www.iandl.marines.mil/Divisions/Small-Business-Programs-LK,,,,,,,
Awesome List (Github),Military,Marine Corps,Marine Corps System Command , https://www.marcorsyscom.marines.mil/News/News-Article-Display/Article/2960975/making-small-businesses-the-first-option,,,,,,,
,,,,,,,,,,,
,,,,,,,,,,,
Awesome List (Github),Military,Air Force ,Air Force , https://www.airforcesmallbiz.af.mil,,,,,,,
Awesome List (Github),Military,Air Force ,Air Force District of Washington , https://www.afdw.af.mil/Units/Small-Business,,,,,,,
Awesome List (Github),Military,Air Force ,ACC Acquisition Management and Integration Center , https://www.acc.af.mil/Units/ACC-AMIC-Small-Business,,,,,,,
Awesome List (Github),Military,Air Force ,Innovation arm of the Department of the Air Force , https://www.afwerx.af.mil,,,,,,,
,,,,,,,,,,,
Awesome List (Github),Military,Other Defense Agencies,Defense Advanced Research Projects Agency , https://www.darpa.mil/work-with-us/for-small-businesses,,,,,,,
Awesome List (Github),Military,Other Defense Agencies,Defense Contract Management Agency , https://www.dcma.mil/smallbusiness,,,,,,,
Awesome List (Github),Military,Other Defense Agencies,Defense CounterIntelligence and Security Agency , https://www.dcsa.mil/Contact-Us/Office-of-Small-Business-Programs,,,,,,,
Awesome List (Github),Military,Other Defense Agencies,Defense Health Agency , https://www.health.mil/Military-Health-Topics/Acquisition-Procurement-and-Small-Business/Small-Business-Programs/Doing-Business-with-Defense-Health-Agency-Office-of-Small-Business-Programs,,,,,,,
Awesome List (Github),Military,Other Defense Agencies,Defense Human Resources Activity , https://www.dhra.mil/sb,,,,,,,
Awesome List (Github),Military,Other Defense Agencies,Defense Information Systems Agency , https://www.disa.mil/About/Small-Business,,,,,,,
Awesome List (Github),Military,Other Defense Agencies,Defense Intelligence Agency , https://www.dia.mil/Business/Office-of-Small-Business-Programs,,,,,,,
Awesome List (Github),Military,Other Defense Agencies,Defense Logistics Agency , https://www.dla.mil/Small-Business,,,,,,,
Awesome List (Github),Military,Other Defense Agencies,Defense Media Activity , https://www.dma.mil/Small-Business-Office,,,,,,,
Awesome List (Github),Military,Other Defense Agencies,Defense Threat Reduction Agency , https://www.dtra.mil,,,,,,,
Awesome List (Github),Military,Other Defense Agencies,National Geospatial-Intelligence Agency , https://www.nga.mil/news/NGA_appoints_Dr_Anthony_Vinci_to_the_role_of_chief.html,,,,,,,
Awesome List (Github),Military,Other Defense Agencies,National Security Agency , https://www.nsa.gov/business/small-business-office,,,,,,,
Awesome List (Github),Military,Other Defense Agencies,Special Operations Command , https://www.socom.mil/SOF-ATL/Pages/small-business.aspx,,,,,,,
Awesome List (Github),Military,Other Defense Agencies,Washington Headquarters Services , https://www.whs.mil/About-WHS/Offices/Office-of-Small-Business-Programs-OSBP,,,,,,,
,,,,,,,,,,,
,,,,,,,,,,,
Awesome List (Github),Govt,Seed.nih.gov , https://seed.nih.gov,,,,,,,,
Awesome List (Github),Govt,Seedfund.nsf.gov , https://seedfund.nsf.gov,,,,,,,,
Awesome List (Github),Govt,System for Award Management (SAM) , https://sam.gov,,,,,,,,
Awesome List (Github),Govt,Grants.gov , https://grants.gov,,,,,,,,
Awesome List (Github),Govt,US DOE Office of Science and Technical Information , https://www.osti.gov,,,,,,,,
,,,,,,,,,,,
,,,,,,,,,,,
Awesome List (Github),Govt,USAF SBIR / STTR , https://www.afsbirsttr.af.mil,,,,,,,,
Awesome List (Github),Govt,Air Force Small Biz , https://www.airforcesmallbiz.af.mil/SBIR-STTR,,,,,,,,
Awesome List (Github),Govt,AFRL Small Business Office , https://www.afrl.af.mil/About-Us/Fact-Sheets/Fact-Sheet-Display/Article/2326713/afrl-small-business-office,,,,,,,,
Awesome List (Github),Govt,Navy SBIR , https://www.navysbir.com,,,,,,,,
Awesome List (Github),Govt,Marine Corps Office of Small Business Programs , https://www.marcorsyscom.marines.mil/Work-With-Us/Office-of-Small-Business-Programs,,,,,,,,
Awesome List (Github),Govt,Army SBIR STTR , https://armysbir.army.mil/who-we-are,,,,,,,,
Awesome List (Github),Govt,DARPA SBIR STTR , https://www.darpa.mil/work-with-us/for-small-businesses/participate-sbir-sttr-program,,,,,,,,
Awesome List (Github),Govt,Defense SBIR/STTR , https://www.defensesbirsttr.mil,,,,,,,,
Awesome List (Github),Govt,Defense Innovation Marketplace , https://defenseinnovationmarketplace.dtic.mil,,,,,,,,
Awesome List (Github),Govt,NGA SBIR , https://www.nga.mil/resources/Small_Business_Innovation_Research_(SBIR).html,,,,,,,,
Awesome List (Github),Govt,USGS Tech Transfer , https://www.usgs.gov/technology-transfer,,,,,,,,
Awesome List (Github),Govt,DIA Small Business Programs , https://www.dia.mil/Business/Office-of-Small-Business-Programs,,,,,,,,
Awesome List (Github),Govt,DHS Science and Technology SBIR , https://www.dhs.gov/science-and-technology/sbir,,,,,,,,
,,,,,,,,,,,
,,,,,,,,,,,
Awesome List (Github),Govt,18F , https://18f.gsa.gov,,,,,,,,
Awesome List (Github),Govt,Engineering , https://engineering.18f.gov,,,,,,,,
Awesome List (Github),Govt,De-Risking Guide , https://derisking-guide.18f.gov,,,,,,,,
,,,,,,,,,,,
,,,,,,,,,,,
Awesome List (Github),Govt,SBIR 101: Department of Defense Stakeholders , https://www.youtube.com/watch?v=YlTZas9bRvI,,,,,,,,
Awesome List (Github),Govt,SBIR Open Topic and phase III transition , https://www.youtube.com/watch?v=gUd09jwa2Fs,,,,,,,,
Awesome List (Github),Govt,SBIR 20.1 Webinar #1 , https://www.youtube.com/watch?v=3Dd7n4XHZyk,,,,,,,,
Awesome List (Github),Govt,Don’t Be a One Hit SBIR Wonder , https://www.youtube.com/watch?v=WXBXn2I5zb4,,,,,,,,
Awesome List (Github),Govt,AFVentures Webinar Series Sep 9th Defense Focused Topics vs Open Innovation Topics , https://www.youtube.com/watch?v=dbzpFDkHbXs,,,,,,,,
Awesome List (Github),Govt,SBIR Phase III Transition , https://www.youtube.com/watch?v=8xVXIzQA_Uc,,,,,,,,
Awesome List (Github),Govt,AFVentures Weekly Webinar August 5th Post Award FAQs , https://www.youtube.com/watch?v=wbZ7i3EfQNo,,,,,,,,
Awesome List (Github),Govt,AFVentures Webinar Series - Aug 12th - Phase II Customer Memorandum TPOC Duties , https://www.youtube.com/watch?v=iQPxWXn7opw,,,,,,,,
Awesome List (Github),Govt,AFVentures - Aug 26 - Phase III: Engaging the Market , https://www.youtube.com/watch?v=Loe29g9_rZM,,,,,,,,
Awesome List (Github),Govt,AFVentures sept 2nd RDT&E , https://www.youtube.com/watch?v=TVL5Au2IV18,,,,,,,,
,,,,,,,,,,,
,,,,,,,,,,,
,,,,,,,,,,,
Awesome List (Github),Govt,Govinfo.gov , https://www.govinfo.gov,,,,,,,,
Awesome List (Github),Govt,USA.gov Agency Index , https://www.usa.gov/agency-index,,,,,,,,
Awesome List (Github),Govt,OPM.gov Open Government Data Apps , https://www.opm.gov/about-us/open-government/Data/Apps/Agencies,,,,,,,,
Awesome List (Github),Govt,Search USA.gov for innovation , for example , https://www.search.usa.gov/search?affiliate=techfarhub.usds.gov&query=innovation&commit=Search,,,,,,,
Awesome List (Github),Govt,Citizen Science , https://www.citizenscience.gov/#,,,,,,,,
Awesome List (Github),Govt,Digitalgov.gov , https://www.digitalgov.gov,,,,,,,,
Awesome List (Github),Govt,SAM.gov contract opportunities , https://sam.gov/content/opportunities,,,,,,,,
Awesome List (Github),Govt,National Institute of Food and Agriculture's (NIFA) Office of Grants and Financial Management provides support and guidance for award recipients during each of the phases , https://www.nifa.usda.gov,,,,,,,,
Awesome List (Github),Govt,The Government Manual , https://www.govinfo.gov/content/pkg/GOVMAN-2022-12-31/pdf/GOVMAN-2022-12-31.pdf,,,,,,,,
Awesome List (Github),Govt,Small Business Administration , https://www.sba.gov,,,,,,,,
Awesome List (Github),Govt,Digital Services Playbook , https://www.playbook.cio.gov,,,,,,,,
Awesome List (Github),Govt,US Digital Registry , https://touchpoints.app.cloud.gov/registry,,,,,,,,
Awesome List (Github),Govt,About NRO , https://www.nro.gov/About-NRO,,,,,,,,
Awesome List (Github),Govt,NRO Innovate , https://www.nro.gov/Innovate,,,,,,,,
Awesome List (Github),Govt,NRO Innovate Director's Innovation Initiative , https://www.nro.gov/InnovateNRO/DII,,,,,,,,
Awesome List (Github),Govt,Defense Acquisition Regulation System (DARS , https://www.acq.osd.mil/dpap/dars,,,,,,,,
,,,,,,,,,,,
,,,,,,,,,,,
,,,,,,,,,,,
Awesome List (Github),Govt,National Security Innovation Network (NSIN) , https://nsin.mil,,,,,,,,
Awesome List (Github),Govt,Team , https://nsin.mil/team,,,,,,,,
Awesome List (Github),Govt,National Security Innovation Network on Youtube , https://www.youtube.com/@nationalsecurityinnovation8788/videos,,,,,,,,
Awesome List (Github),Govt,Join Us , https://nsin.mil/join-us,,,,,,,,
Awesome List (Github),Govt,SmartSheet Form , https://app.smartsheetgov.com/b/form/2b8d51363d0f4fc89b16da6272c214f5,,,,,,,,
Awesome List (Github),Govt,About the National Security Innovation Network , https://www.youtube.com/watch?v=6dcv5jLNpMo,,,,,,,,
Awesome List (Github),Govt,NSIN Video 1 , https://www.youtube.com/watch?v=vgo4Z5YpuL8,,,,,,,,
Awesome List (Github),Govt,NSIN Video 2 , https://www.youtube.com/watch?v=BAHfgCzTTuw,,,,,,,,
Awesome List (Github),Govt,NSIN Video 3 , https://www.youtube.com/watch?v=eyMoh5z1cFQ,,,,,,,,
,,,,,,,,,,,
,,,,,,,,,,,
Awesome List (Github),Govt,TechFarHub , https://techfarhub.usds.gov,,,,,,,,
Awesome List (Github),Govt,Get Started - DITAP , https://techfarhub.usds.gov/get-started/ditap/?source=post_page,,,,,,,,
Awesome List (Github),Govt,Pre-Solicitation - Market Research , https://techfarhub.usds.gov/pre-solicitation/market-research,,,,,,,,
Awesome List (Github),Govt,Solicitation - Contract Design , https://techfarhub.usds.gov/solicitation/contract-design,,,,,,,,
Awesome List (Github),Govt,Innovative Contracting Case Studies 2014 PDF , https://techfarhub.usds.gov/assets/files/innovative-contracting-case-studies-2014.pdf,,,,,,,,
,,,,,,,,,,,
,,,,,,,,,,,
Awesome List (Github),Govt,SBIR Sitemap , https://www.sbir.gov/sitemap,,,,,,,,
Awesome List (Github),Govt,About SBIR , https://www.sbir.gov/about,,,,,,,,
Awesome List (Github),Govt,About FAST (Federal and State Technology Partnership Program) , https://www.sbir.gov/about-fast,,,,,,,,
Awesome List (Github),Govt,Accelerators , https://www.sbir.gov/accelerators,,,,,,,,
Awesome List (Github),Govt,Agencies Landing , https://www.sbir.gov/agencies-landing,,,,,,,,
Awesome List (Github),Govt,FAQs , https://www.sbir.gov/faqs,,,,,,,,
Awesome List (Github),Govt,About Leadership , https://www.sbir.gov/about/leadership,,,,,,,,
Awesome List (Github),Govt,Funding , https://www.sbir.gov/funding,,,,,,,,
Awesome List (Github),Govt,Current Topic , https://www.sbir.gov/sbirsearch/topic/current,,,,,,,,
Awesome List (Github),Govt,Solicitations , https://www.sbir.gov/solicitations,,,,,,,,
Awesome List (Github),Govt,Reports , https://www.sbir.gov/reports,,,,,,,,
Awesome List (Github),Govt,Award All , https://www.sbir.gov/sbirsearch/award/all,,,,,,,,
Awesome List (Github),Govt,Firm All , https://www.sbir.gov/sbirsearch/firm/all,,,,,,,,
Awesome List (Github),Govt,Annual Reports Files , https://www.sbir.gov/annual-reports-files,,,,,,,,
Awesome List (Github),Govt,Impact , https://www.sbir.gov/impact,,,,,,,,
Awesome List (Github),Govt,Data Resources , https://www.sbir.gov/data-resources,,,,,,,,
Awesome List (Github),Govt,Dictionary - Data Dictionary Local Assistance , https://www.sbir.gov/dictionary/data-dictionary-local-assistance,,,,,,,,
Awesome List (Github),Govt,Showcase , https://www.sbir.gov/showcase,,,,,,,,
Awesome List (Github),Govt,Success Stories , https://www.sbir.gov/news/success-stories,,,,,,,,
Awesome List (Github),Govt,About Tibbetts Awards , https://www.sbir.gov/about-tibbetts-awards,,,,,,,,
Awesome List (Github),Govt,Announcements , https://www.sbir.gov/announcements,,,,,,,,
Awesome List (Github),Govt,News , https://www.sbir.gov/news,,,,,,,,
Awesome List (Github),Govt,Events , https://www.sbir.gov/events,,,,,,,,
Awesome List (Github),Govt,Feedback , https://www.sbir.gov/feedback?type=sre,,,,,,,,
Awesome List (Github),Govt,SBIR Road Tour , https://www.sbir.gov/sbir-road-tour,,,,,,,,
Awesome List (Github),Govt,Resources , https://www.sbir.gov/resources,,,,,,,,
Awesome List (Github),Govt,Tutorials , https://www.sbir.gov/tutorials,,,,,,,,
Awesome List (Github),Govt,Local Assistance , https://www.sbir.gov/local-assistance,,,,,,,,
Awesome List (Github),Govt,Applicants , https://www.sbir.gov/applicants,,,,,,,,
Awesome List (Github),Govt,Support Organizations , https://www.sbir.gov/support-organizations,,,,,,,,
Awesome List (Github),Govt,Agency Representative , https://www.sbir.gov/agency-representative,,,,,,,,
,,,,,,,,,,,
,,,,,,,,,,,
Awesome List (Github),Govt,SBA Sitemap , https://www.sba.gov/sitemap,,,,,,,,
Awesome List (Github),Govt,Federal Contracting , https://www.sba.gov/federal-contracting,,,,,,,,
Awesome List (Github),Govt,Contracting Guide , https://www.sba.gov/federal-contracting/contracting-guide,,,,,,,,
Awesome List (Github),Govt,Assess Your Business , https://www.sba.gov/federal-contracting/contracting-guide/assess-your-business,,,,,,,,
Awesome List (Github),Govt,Basic Requirements , https://www.sba.gov/federal-contracting/contracting-guide/basic-requirements,,,,,,,,
Awesome List (Github),Govt,How to Win Contracts , https://www.sba.gov/federal-contracting/contracting-guide/how-win-contracts,,,,,,,,
Awesome List (Github),Govt,Types of Contracts , https://www.sba.gov/federal-contracting/contracting-guide/types-contracts,,,,,,,,
Awesome List (Github),Govt,Size Standards , https://www.sba.gov/federal-contracting/contracting-guide/size-standards,,,,,,,,
Awesome List (Github),Govt,Governing Rules & Responsibilities , https://www.sba.gov/federal-contracting/contracting-guide/governing-rules-responsibilities,,,,,,,,
Awesome List (Github),Govt,Prime & Subcontracting , https://www.sba.gov/federal-contracting/contracting-guide/prime-subcontracting,,,,,,,,
Awesome List (Github),Govt,Contracting Assistance Programs , https://www.sba.gov/federal-contracting/contracting-assistance-programs,,,,,,,,
Awesome List (Github),Govt,Small Disadvantaged Business , https://www.sba.gov/federal-contracting/contracting-assistance-programs/small-disadvantaged-business,,,,,,,,
Awesome List (Github),Govt,Women-Owned Small Business Federal Contract Program , https://www.sba.gov/federal-contracting/contracting-assistance-programs/women-owned-small-business-federal-contract-program,,,,,,,,
Awesome List (Github),Govt,Veteran Contracting Assistance Programs , https://www.sba.gov/federal-contracting/contracting-assistance-programs/veteran-contracting-assistance-programs,,,,,,,,
Awesome List (Github),Govt,Business Development Program , https://www.sba.gov/federal-contracting/contracting-assistance-programs/8a-business-development-program,,,,,,,,
Awesome List (Github),Govt,SBA Mentor Protege Program , https://www.sba.gov/federal-contracting/contracting-assistance-programs/sba-mentor-protege-program,,,,,,,,
Awesome List (Github),Govt,Joint Ventures , https://www.sba.gov/federal-contracting/contracting-assistance-programs/joint-ventures,,,,,,,,
Awesome List (Github),Govt,Management Technical Assistance Program , https://www.sba.gov/federal-contracting/contracting-assistance-programs/7j-management-technical-assistance-program,,,,,,,,
Awesome List (Github),Govt,HUBZone Program , https://www.sba.gov/federal-contracting/contracting-assistance-programs/hubzone-program,,,,,,,,
Awesome List (Github),Govt,Natural Resource Sales Assistance Program , https://www.sba.gov/federal-contracting/contracting-assistance-programs/natural-resource-sales-assistance-program,,,,,,,,
Awesome List (Github),Govt,Counseling Help , https://www.sba.gov/federal-contracting/counseling-help,,,,,,,,
Awesome List (Github),Govt,Contracting Area Directors , https://www.sba.gov/federal-contracting/counseling-help/contracting-area-directors,,,,,,,,
Awesome List (Github),Govt,Procurement Center Representative Directory , https://www.sba.gov/federal-contracting/counseling-help/procurement-center-representative-directory,,,,,,,,
Awesome List (Github),Govt,Commercial Market Representatives , https://www.sba.gov/federal-contracting/counseling-help/commercial-market-representatives,,,,,,,,
,,,,,,,,,,,
,,,,,,,,,,,
,,,,,,,,,,,
Awesome List (Github),Defense Entrepreneurs Forum data,DEF Project on Innovation in National Security , https://natsec.io/data,,,,,,,,
Awesome List (Github),Defense Entrepreneurs Forum data,natsec.io/data , https://natsec.io/data,,,,,,,,
Awesome List (Github),Defense Entrepreneurs Forum data,natsec.io/graph , https://natsec.io/graph,,,,,,,,
Awesome List (Github),Defense Entrepreneurs Forum data,natsec.io/map , https://natsec.io/map,,,,,,,,
Awesome List (Github),Defense Entrepreneurs Forum data,docs.natsec.io/about/story , https://docs.natsec.io/about/story,,,,,,,,
Awesome List (Github),Defense Entrepreneurs Forum data,Direct link to data , https://docs.google.com/spreadsheets/d/1dj9LztlbBCB7BPCNpTHd8ko_Uz1pcLQDjTOfEYJH6Ik/edit#gid=1780929379,,,,,,,,
,,,,,,,,,,,
,,,,,,,,,,,
,,,,,,,,,,,
,,,,,,,,,,,
Awesome List (Github),Govt-related github repos,government.github.com , https://government.github.com,,,,,,,,
Awesome List (Github),Govt-related github repos,github.com/tmcw/awesome-geojson , https://github.com/tmcw/awesome-geojson,,,,,,,,
Awesome List (Github),Govt-related github repos,USDS repositories , https://github.com/orgs/usds/repositories?q=&type=all&language=&sort=stargazers,,,,,,,,
Awesome List (Github),Govt-related github repos,Innovations Explorer Documentation , https://github.com/sethsch/innovations-explorer/blob/main/Documentation.md,,,,,,,,
Awesome List (Github),Govt-related github repos,DotGov Data , https://github.com/cisagov/dotgov-data,,,,,,,,
Awesome List (Github),Govt-related github repos,Open Government Research Exchange - Centre for Public Impact , https://govlab.github.io/open-government-research-exchange/06f3d760c368d5994a9ab3af2d84501e-centre-for-public-impact.html,,,,,,,,
Awesome List (Github),Govt-related github repos,Open Government Research Exchange - Categories , https://govlab.github.io/open-government-research-exchange/categories.html,,,,,,,,
Awesome List (Github),Govt-related github repos,Open Government Research Exchange - Open Data for Development , https://govlab.github.io/open-government-research-exchange/e16436d4289fdb656af7dd352c241fc5-open-data-for-development.html,,,,,,,,
Awesome List (Github),Govt-related github repos,Open Government Research Exchange - SBIR Search , https://govlab.github.io/open-government-research-exchange/search.html?s=sbir,,,,,,,,
Awesome List (Github),Govt-related github repos,Department of Defense , https://github.com/deptofdefense,,,,,,,,
Awesome List (Github),Govt-related github repos,In information retrieval , tf–idf , TFIDF , or TFIDF , short for term frequency–inverse document frequency , is a numerical statistic that is intended to reflect how important a word is to a document in a collection or corpus , https://github.com/BrooksIan/SBIR_TFIDF_KMeans,,,
Awesome List (Github),Govt-related github repos,18F , the government's own internal consultants on small business innovation (their github) , https://github.com/18F,,,,,,,
Awesome List (Github),Govt-related github repos,18F Development Guide , https://github.com/18F/development-guide,,,,,,,,
Awesome List (Github),Govt-related github repos,United States , https://github.com/unitedstates - A shared commons of data and tools for the United States. Made by the public , used by the public.,,,,,,,
Awesome List (Github),Govt-related github repos,GSA DigitalGov , https://github.com/GSA/digitalgov.gov,,,,,,,,
Awesome List (Github),Govt-related github repos,GSA Repositories , https://github.com/orgs/GSA/repositories,,,,,,,,
Awesome List (Github),Govt-related github repos,GSA Data , https://github.com/GSA/data,,,,,,,,
Awesome List (Github),Govt-related github repos,CFPB , https://github.com/cfpb,,,,,,,,
Awesome List (Github),Govt-related github repos,Free Programming Books , https://github.com/EbookFoundation/free-programming-books/blob/main/books/free-programming-books-langs.md,,,,,,,,
Awesome List (Github),Govt-related github repos,DoD at DEFCON , https://github.com/deptofdefense/dds-at-DEFCON,,,,,,,,
Awesome List (Github),Govt-related github repos,SBIR Dashboard , https://bhabishya-neupane.shinyapps.io/SBIR-Dashboard,,,,,,,,
,,,,,,,,,,,
,,,,,,,,,,,
,,,,,,,,,,,
,,,,,,,,,,,
Awesome List (Github),The Gov Lab,The Gov Lab assets , https://thegovlab.org/our-sites.html,,,,,,,,
Awesome List (Github),The Gov Lab,datacollaboratives.org , https://datacollaboratives.org,,,,,,,,
Awesome List (Github),The Gov Lab,crowd.law , https://crowd.law,,,,,,,,
Awesome List (Github),The Gov Lab,congress.crowd.law , https://congress.crowd.law,,,,,,,,
Awesome List (Github),The Gov Lab,smartercrowdsourcing.org , https://smartercrowdsourcing.org,,,,,,,,
Awesome List (Github),The Gov Lab,odimpact.org , https://odimpact.org,,,,,,,,
Awesome List (Github),The Gov Lab,thelivinglib.org , https://thelivinglib.org,,,,,,,,
Awesome List (Github),The Gov Lab,smarterstate.org , https://smarterstate.org,,,,,,,,
Awesome List (Github),The Gov Lab,publicentrepreneur.org , https://publicentrepreneur.org,,,,,,,,
Awesome List (Github),The Gov Lab,sppd.thegovlab.org , https://sppd.thegovlab.org,,,,,,,,
Awesome List (Github),The Gov Lab,Data Stewards Network , https://medium.com/data-stewards-network,,,,,,,,
Awesome List (Github),The Gov Lab,blockchan.ge , https://blockchan.ge,,,,,,,,
Awesome List (Github),The Gov Lab,data4covid19.org , https://data4covid19.org,,,,,,,,
Awesome List (Github),The Gov Lab,thedataassembly.org , https://thedataassembly.org,,,,,,,,
Awesome List (Github),The Gov Lab,the100questions.org , https://the100questions.org,,,,,,,,
Awesome List (Github),The Gov Lab,data4migration.org , https://data4migration.org,,,,,,,,
Awesome List (Github),The Gov Lab,rd4c.org , https://rd4c.org,,,,,,,,
Awesome List (Github),The Gov Lab,opendata500.com , https://opendata500.com,,,,,,,,
Awesome List (Github),The Gov Lab,peopleledinnovation.org , https://peopleledinnovation.org,,,,,,,,
Awesome List (Github),The Gov Lab,govlabacademy.org , https://govlabacademy.org,,,,,,,,
Awesome List (Github),The Gov Lab,opendatapolicylab.org , https://opendatapolicylab.org,,,,,,,,
Awesome List (Github),The Gov Lab,contractsfordatacollaboration.org , https://contractsfordatacollaboration.org,,,,,,,,
Awesome List (Github),The Gov Lab,ailocalism.org , https://ailocalism.org,,,,,,,,
Awesome List (Github),The Gov Lab,Open Data Policy Lab Course , https://course.opendatapolicylab.org,,,,,,,,
Awesome List (Github),The Gov Lab,GovLab Academy Vimeo , https://vimeo.com/502746886,,,,,,,,
Awesome List (Github),The Gov Lab,Executive Education GovLab Academy , https://execed.govlabacademy.org,,,,,,,,
Awesome List (Github),The Gov Lab,Executive Education GovLab Academy - Governance Innovation , https://execed.govlabacademy.org/governance-innovation,,,,,,,,
Awesome List (Github),The Gov Lab,solvingpublicproblems.org , https://solvingpublicproblems.org,,,,,,,,
Awesome List (Github),The Gov Lab,Virtual Communities GovLab , https://virtual-communities.thegovlab.org,,,,,,,,
Awesome List (Github),The Gov Lab,Open Data Policy Lab - Data Reuse Strategy Syllabus , https://opendatapolicylab.org/academy/data-reuse-strategy/syllabus-2021,,,,,,,,
Awesome List (Github),The Gov Lab,Open Justice - edX , https://edx.org/course/open-justice,,,,,,,,
Awesome List (Github),The Gov Lab,Justicia Abierta - edX , https://edx.org/course/justicia-abierta,,,,,,,,
Awesome List (Github),The Gov Lab,Civic Changemakers - TransparencIT , https://transparencit.com/civic-changemakers,,,,,,,,
Awesome List (Github),The Gov Lab,International Network on Digital Self-Determination , https://idsd.network,,,,,,,,
Awesome List (Github),The Gov Lab,thegovlab.org , https://thegovlab.org,,,,,,,,
Awesome List (Github),The Gov Lab,thegovlab.org/community , https://thegovlab.org/community.html,,,,,,,,
Awesome List (Github),The Gov Lab,thegovlab.org/project/project-open-data-demand , https://thegovlab.org/project/project-open-data-demand,,,,,,,,
,,,,,,,,,,,
Awesome List (Github),non-govt resources,thelivinglib.org , https://thelivinglib.org,,,,,,,,
Awesome List (Github),non-govt resources,American Council for Technology and Industry Advisory Council , https://actiac.org,,,,,,,,
Awesome List (Github),non-govt resources,Open Knowledge Foundation , https://okfn.org/tools,,,,,,,,
Awesome List (Github),non-govt resources,Opening Governance Projects , https://opening-governance.org/projects.html,,,,,,,,
Awesome List (Github),non-govt resources,Nesta , the UK's innovation agency for social good , https://nesta.org.uk,,,,,,,
Awesome List (Github),non-govt resources,Association of Procurement Technical Assistance Centers , https://aptac-us.org,,,,,,,,
Awesome List (Github),non-govt resources,SBIR Dashboard (unofficial tool) , https://bhabishya-neupane.shinyapps.io/SBIR-Dashboard,,,,,,,,
Awesome List (Github),non-govt resources,Innovations Explorer , https://sethsch.github.io/innovations-explorer/app/index.html,,,,,,,,
Awesome List (Github),non-govt resources,United States IO , https://theunitedstates.io,,,,,,,,
Awesome List (Github),non-govt resources,GovernmentCIO Media , https://governmentciomedia.com,,,,,,,,
Awesome List (Github),non-govt resources,Accela Resources , https://accela.com/resources,,,,,,,,
Awesome List (Github),non-govt resources,Open States , https://openstates.org,,,,,,,,
Awesome List (Github),non-govt resources,GovWin , https://govwin.com,,,,,,,,
,,,,,,,,,,,
,,,,,,,,,,,
Awesome List (Github),prompt-engineering,Awesome ChatGPT Prompts , https://github.com/f/awesome-chatgpt-prompts,,,,,,,,
Awesome List (Github),prompt-engineering,Prompt Engineering Guide , https://github.com/dair-ai/Prompt-Engineering-Guide,,,,,,,,
Awesome List (Github),prompt-engineering,Prompt Source , https://github.com/bigscience-workshop/promptsource,,,,,,,,
Awesome List (Github),prompt-engineering,GitHub AI Topic , https://github.com/topics/ai,,,,,,,,
Awesome List (Github),prompt-engineering,GitHub Deep Learning Topic , https://github.com/topics/deep-learning,,,,,,,,
Awesome List (Github),prompt-engineering,GitHub NLP Topic , https://github.com/topics/nlp,,,,,,,,
Awesome List (Github),prompt-engineering,GitHub ChatGPT Topic , https://github.com/topics/chatgpt,,,,,,,,
Awesome List (Github),prompt-engineering,ChatGPT Advanced , https://github.com/interstellard/chatgpt-advanced,,,,,,,,
,,,,,,,,,,,
,,,,,,,,,,,
Awesome List (Github),Hackathons,LabLab AI Events , https://lablab.ai/event,,,,,,,,
,,,,,,,,,,,
,,,,,,,,,,,
,,,,,,,,,,,
Awesome List (Github),AI social media follows,Aadit Shrestha , https://twitter.com/aaditsh,,,,,,,,
Awesome List (Github),AI social media follows,Ethan Mollick , https://twitter.com/emollick,,,,,,,,
Awesome List (Github),AI social media follows,Rowan Cheung , https://twitter.com/rowancheung,,,,,,,,
Awesome List (Github),AI social media follows,Run Great Classes , https://twitter.com/RunGreatClasses,,,,,,,,
Awesome List (Github),AI social media follows,Barsee , https://twitter.com/heyBarsee,,,,,,,,
Awesome List (Github),AI social media follows,Bucco Capital , https://twitter.com/buccocapital,,,,,,,,
Awesome List (Github),AI social media follows,The Rundown AI , https://twitter.com/therundownai,,,,,,,,
,,,,,,,,,,,
,,,,,,,,,,,
,,,,,,,,,,,
,,,,,,,,,,,
Awesome List (Github),a student's project on sbir sttr,SBIR STTR Guide Video 1 , https://youtu.be/3MZ9G9CMWUI,,,,,,,,
Awesome List (Github),a student's project on sbir sttr,SBIR STTR Guide Video 2 , https://youtube.com/watch?v=MYlw3J0FYE4&list=PLG3lylzOg8Fhj_tENfX6JgD1eAfZGGbrd,,,,,,,,
Awesome List (Github),a student's project on sbir sttr,SBIR STTR Guide Video 3 , https://youtube.com/watch?v=ReHWRi-Gt4g,,,,,,,,
Awesome List (Github),a student's project on sbir sttr,SBIR STTR Guide Video 4 , https://youtube.com/watch?v=i0W89IyyFqA,,,,,,,,
,,,,,,,,,,,
,,,,,,,,,,,
Awesome List (Github),Corporate research tools,ZoomInfo , https://zoominfo.com,,,,,,,,
Awesome List (Github),Corporate research tools,People Data Labs , https://peopledatalabs.com,,,,,,,,
Awesome List (Github),Corporate research tools,Dun & Bradstreet , https://dnb.com,,,,,,,,
Awesome List (Github),Corporate research tools,PitchBook , https://pitchbook.com,,,,,,,,
Awesome List (Github),Corporate research tools,Handshake , https://joinhandshake.com,,,,,,,,
Awesome List (Github),Corporate research tools,Open Corporates , https://opencorporates.com,,,,,,,,
Awesome List (Github),Corporate research tools,Crunchbase , https://crunchbase.com,,,,,,,,
Awesome List (Github),Corporate research tools,People Looker , https://peoplelooker.com,,,,,,,,
,,,,,,,,,,,
,,,,,,,,,,,
Awesome List (Github),Market Research and Lead Generation,Open Government Research Exchange , https://govlab.github.io/open-government-research-exchange/authors.html,,,,,,,,
Awesome List (Github),Market Research and Lead Generation,OSINT Framework , https://osintframework.com,,,,,,,,
Awesome List (Github),Market Research and Lead Generation,MetaOSINT Chart , https://metaosint.github.io/chart,,,,,,,,
Awesome List (Github),Market Research and Lead Generation,MetaOSINT Table , https://metaosint.github.io/table,,,,,,,,
Awesome List (Github),Market Research and Lead Generation,Michael Bazzell's Books on Amazon , https://www.amazon.com/stores/Michael-Bazzell/author/B007GNUI92?ref=ap_rdr&store_ref=ap_rdr&isDramIntegrated=true&shoppingPortalEnabled=true,,,,,,,,
Awesome List (Github),Market Research and Lead Generation,Awesome OSINT , https://github.com/jivoi/awesome-osint,,,,,,,,
Awesome List (Github),Market Research and Lead Generation,GitHub OSINT Topic , https://github.com/topics/osint,,,,,,,,
Awesome List (Github),Market Research and Lead Generation,GitHub GitHub-OSINT Topic , https://github.com/topics/github-osint,,,,,,,,
Awesome List (Github),Market Research and Lead Generation,GitHub Awesome Topic , https://github.com/topics/awesome,,,,,,,,
Awesome List (Github),Market Research and Lead Generation,Every Politician , https://everypolitician.org,,,,,,,,
Awesome List (Github),Market Research and Lead Generation,Every Politician Docs , https://docs.everypolitician.org,,,,,,,,
Awesome List (Github),Market Research and Lead Generation,LinkedIn Dorks , https://github.com/krlabs/linkedin-dorks,,,,,,,,
Awesome List (Github),Market Research and Lead Generation,EmailGen , https://github.com/navisecdelta/EmailGen,,,,,,,,
Awesome List (Github),Market Research and Lead Generation,LinkedIn Scraper , https://github.com/joeyism/linkedin_scraper,,,,,,,,
Awesome List (Github),Market Research and Lead Generation,LinkedIn2Username , https://github.com/initstring/linkedin2username,,,,,,,,
Awesome List (Github),Market Research and Lead Generation,CrossLinked , https://github.com/m8sec/CrossLinked,,,,,,,,
Awesome List (Github),Market Research and Lead Generation,Raven , https://github.com/0x09AL/raven,,,,,,,,
Awesome List (Github),Market Research and Lead Generation,SocialPwned , https://github.com/MrTuxx/SocialPwned,,,,,,,,
Awesome List (Github),Market Research and Lead Generation,iKy , https://github.com/kennbroorg/iKy,,,,,,,,
Awesome List (Github),Market Research and Lead Generation,ScrapedIn , https://github.com/linkedtales/scrapedin,,,,,,,,
,,,,,,,,,,,
,,,,,,,,,,,
,,,,,,,,,,,
Awesome List (Github),Outsourcing,TopTal Talent , https://toptal.com/z9QRMTr/worlds-top-talent,,,,,,,,
,,,,,,,,,,,
Awesome List (Github),Meta tools for small business innovation,GitHub Dorks , https://github.com/techgaun/github-dorks,,,,,,,,
Awesome List (Github),Meta tools for small business innovation,Gitem , https://github.com/mschwager/gitem,,,,,,,,
Awesome List (Github),Meta tools for small business innovation,Code.mil , https://github.com/Code-dot-mil/code.mil,,,,,,,,
Awesome List (Github),Meta tools for small business innovation,Code.mil Website , https://code.mil,,,,,,,,
Awesome List (Github),Meta tools for small business innovation,Open Government Research Exchange , https://govlab.github.io/open-government-research-exchange/search.html?s=sbir,,,,,,,,
Awesome List (Github),Meta tools for small business innovation,AllUSGov , https://github.com/CivicActions/allusgov,,,,,,,,
Awesome List (Github),Meta tools for small business innovation,The U.S. Web Design System , https://github.com/uswds/uswds,,,,,,,,
Awesome List (Github),Meta tools for small business innovation,GSA Data , https://github.com/GSA/data,,,,,,,,
Awesome List (Github),Meta tools for small business innovation,Gov FOSS Playbook , https://github.com/CivicActions/gov-foss-playbook,,,,,,,,
Awesome List (Github),Meta tools for small business innovation,FH Public API , https://open.gsa.gov/api/fh-public-api,,,,,,,,
Awesome List (Github),Meta tools for small business innovation,Federal Register API , https://federalregister.gov/developers/documentation/api/v1#/Agencies,,,,,,,,
Awesome List (Github),Meta tools for small business innovation,USA Agency Index , https://usa.gov/agency-index,,,,,,,,
Awesome List (Github),Meta tools for small business innovation,OPM Open Government Data , https://opm.gov/about-us/open-government/Data/Apps/Agencies,,,,,,,,
Awesome List (Github),Meta tools for small business innovation,Dotgov Data , https://github.com/cisagov/dotgov-data,,,,,,,,
Awesome List (Github),Meta tools for small business innovation,Govinfo , https://govinfo.gov,,,,,,,,
Awesome List (Github),Meta tools for small business innovation,USASpending API , https://api.usaspending.gov,,,,,,,,
Awesome List (Github),Meta tools for small business innovation,Gov-Wide Code , https://github.com/digital-analytics-program/gov-wide-code,,,,,,,,
Awesome List (Github),Meta tools for small business innovation,DAP Guide , https://digital.gov/guides/dap,,,,,,,,
Awesome List (Github),Meta tools for small business innovation,Frictionless Data , https://frictionlessdata.io/projects/#software-and-standards,,,,,,,,
Awesome List (Github),Meta tools for small business innovation,DataHub Tools , https://datahub.io/tools,,,,,,,,
Awesome List (Github),Meta tools for small business innovation,SES Key Words , https://github.com/adam-grandt-tts/ses-key-words,,,,,,,,
Awesome List (Github),Meta tools for small business innovation,GitHub Open Data Collections , https://github.com/collections/open-data,,,,,,,,
Awesome List (Github),Meta tools for small business innovation,USA Government Analytics , https://analytics.usa.gov,,,,,,,,
Awesome List (Github),Meta tools for small business innovation,18F Government Analytics , https://github.com/18F/analytics.usa.gov,,,,,,,,
,,,,,,,,,,,
,,,,,,,,,,,
Awesome List (Github),Related Awesome Lists,Awesome ChatGPT Prompts , https://github.com/f/awesome-chatgpt-prompts,,,,,,,,
Awesome List (Github),Related Awesome Lists,Awesome CheatSheets , https://github.com/LeCoupa/awesome-cheatsheets,,,,,,,,
Awesome List (Github),Related Awesome Lists,Awesome Data Science , https://github.com/academic/awesome-datascience,,,,,,,,
Awesome List (Github),Related Awesome Lists,Awesome Lists Top , https://awesomelists.top,,,,,,,,
Awesome List (Github),Related Awesome Lists,Awesome Public Datasets , https://github.com/awesomedata/awesome-public-datasets,,,,,,,,
Awesome List (Github),Related Awesome Lists,Awesome Remote Job , https://github.com/lukasz-madon/awesome-remote-job,,,,,,,,
Awesome List (Github),Related Awesome Lists,awesome-ai-in-finance,https://github.com/georgezouq/awesome-ai-in-finance,,,,,,,,
Awesome List (Github),Related Awesome Lists,awesome-artificial-intelligence,https://github.com/owainlewis/awesome-artificial-intelligence,,,,,,,,
Awesome List (Github),Related Awesome Lists,awesome-awesome,https://github.com/emijrp/awesome-awesome,,,,,,,,
Awesome List (Github),Related Awesome Lists,awesome-cheatsheet,https://github.com/detailyang/awesome-cheatsheet,,,,,,,,
Awesome List (Github),Related Awesome Lists,awesome-cheatsheets,https://github.com/LeCoupa/awesome-cheatsheets,,,,,,,,
Awesome List (Github),Related Awesome Lists,awesome-CLI,https://github.com/umutphp/awesome-cli,,,,,,,,
Awesome List (Github),Related Awesome Lists,awesome-communication,https://github.com/okhosting/awesome-communication,,,,,,,,
Awesome List (Github),Related Awesome Lists,awesome-complexity,https://github.com/sellisd/awesome-complexity,,,,,,,,
Awesome List (Github),Related Awesome Lists,awesome-courses,https://github.com/prakhar1989/awesome-courses,,,,,,,,
Awesome List (Github),Related Awesome Lists,awesome-data-valuation,https://github.com/daviddao/awesome-data-valuation,,,,,,,,
Awesome List (Github),Related Awesome Lists,awesome-design,https://github.com/gztchan/awesome-design,,,,,,,,
Awesome List (Github),Related Awesome Lists,awesome-developer-first,https://github.com/agamm/awesome-developer-first,,,,,,,,
Awesome List (Github),Related Awesome Lists,awesome-devrel,https://github.com/devrelcollective/awesome-devrel,,,,,,,,
Awesome List (Github),Related Awesome Lists,awesome-devsecops,https://github.com/TaptuIT/awesome-devsecops,,,,,,,,
Awesome List (Github),Related Awesome Lists,awesome-earth-system-ml,https://github.com/blutjens/awesome-earth-system-ml,,,,,,,,
Awesome List (Github),Related Awesome Lists,awesome-engineering-team-management,https://github.com/kdeldycke/awesome-engineering-team-management,,,,,,,,
Awesome List (Github),Related Awesome Lists,awesome-geojson,https://github.com/tmcw/awesome-geojson,,,,,,,,
Awesome List (Github),Related Awesome Lists,awesome-geojson,https://github.com/JJediny/awesome-geojson,,,,,,,,
Awesome List (Github),Related Awesome Lists,awesome-github-profile-readme,https://github.com/abhisheknaiidu/awesome-github-profile-readme,,,,,,,,
Awesome List (Github),Related Awesome Lists,awesome-gpt4,https://github.com/radi-cho/awesome-gpt4,,,,,,,,
Awesome List (Github),Related Awesome Lists,awesome-ideation-tools,https://github.com/zazaalaza/awesome-ideation-tools,,,,,,,,
Awesome List (Github),Related Awesome Lists,awesome-job-boards,https://github.com/tramcar/awesome-job-boards,,,,,,,,
Awesome List (Github),Related Awesome Lists,awesome-LaTeX,https://github.com/egeerardyn/awesome-LaTeX,,,,,,,,
Awesome List (Github),Related Awesome Lists,awesome-leading-and-managing,https://github.com/LappleApple/awesome-leading-and-managing,,,,,,,,
Awesome List (Github),Related Awesome Lists,awesome-marine-hacking,https://github.com/hackforthesea/awesome-marine-hacking,,,,,,,,
Awesome List (Github),Related Awesome Lists,awesome-open-company,https://github.com/opencompany/awesome-open-company,,,,,,,,
Awesome List (Github),Related Awesome Lists,awesome-osint,https://github.com/jivoi/awesome-osint,,,,,,,,
Awesome List (Github),Related Awesome Lists,awesome-osint,https://github.com/tracelabs/awesome-osint,,,,,,,,
Awesome List (Github),Related Awesome Lists,awesome-podcasts,https://github.com/ghosh/awesome-podcasts,,,,,,,,
Awesome List (Github),Related Awesome Lists,awesome-productivity,https://github.com/jyguyomarch/awesome-productivity,,,,,,,,
Awesome List (Github),Related Awesome Lists,awesome-reversing,https://github.com/tylerha97/awesome-reversing,,,,,,,,
Awesome List (Github),Related Awesome Lists,awesome-rust,https://github.com/rust-unofficial/awesome-rust,,,,,,,,
Awesome List (Github),Related Awesome Lists,awesome-scientific-writing,https://github.com/writing-resources/awesome-scientific-writing,,,,,,,,
Awesome List (Github),Related Awesome Lists,awesome-social-engineering,https://github.com/giuliacassara/awesome-social-engineering,,,,,,,,
Awesome List (Github),Related Awesome Lists,awesome-startup,https://github.com/KrishMunot/awesome-startup,,,,,,,,
Awesome List (Github),Related Awesome Lists,awesome-theoretical-computer-science,https://github.com/mostafatouny/awesome-theoretical-computer-science,,,,,,,,
Awesome List (Github),Related Awesome Lists,best-of-ml-python,https://github.com/ml-tooling/best-of-ml-python,,,,,,,,
Awesome List (Github),Related Awesome Lists,Digital Bunker Awesome , https://awesome.digitalbunker.dev,,,,,,,,
Awesome List (Github),Related Awesome Lists,github-cheat-sheet ,https://github.com/tiimgreen/github-cheat-sheet,,,,,,,,
Awesome List (Github),Related Awesome Lists,lists,https://github.com/jnv/lists,,,,,,,,
Awesome List (Github),Related Awesome Lists,nerd-fonts ,https://github.com/ryanoasis/nerd-fonts,,,,,,,,
Awesome List (Github),Related Awesome Lists,Sindre Sorhus' Awesome List , https://github.com/sindresorhus/awesome,,,,,,,,
Awesome List (Github),Related Awesome Lists,StumbleUponAwesome,https://github.com/basharovV/StumbleUponAwesome,,,,,,,,
Awesome List (Github),Related Awesome Lists,the-book-of-secret-knowledge ,https://github.com/trimstray/the-book-of-secret-knowledge,,,,,,,,
Awesome List (Github),Related Awesome Lists,Track Awesome List , https://trackawesomelist.com,,,,,,,,
Awesome List (Github),Related Awesome Lists,trackawesomelist,https://github.com/trackawesomelist/trackawesomelist,,,,,,,,
